Parameter,Value
MSE,0.07692307692307693
MAE,0.07692307692307693
R-squared,0.5965517241379311
Accuracy,0.9230769230769231
