Parameter,Value
MSE,0.16326530612244897
MAE,0.16326530612244897
R-SQUARED,0.062200956937799035
ACCURACY,0.8367346938775511
